{
  "organization_access": {
    "read_workspaces": true,
    "read_projects": true,

    "manage_workspaces": true,
    "manage_projects": true,

    "manage_agent_pools": true,
    "manage_run_tasks": false,

    "manage_policies": false,
    "manage_policy_overrides": false,
    "manage_vcs_settings": false,
    "manage_providers": false,
    "manage_modules": false,
    "manage_membership": false,
    "manage_teams": false,
    "manage_organization_access": false,
    "access_secret_teams": false
  }
}
